Source reference number,Document title,URL,"Date of document (if applicable)",Date accessed
1,Terms of service Card Mobile Movistar (Condiciones generales del servicio Tarjeta Móviles Movistar) - Spanish,https://www.movistar.es/rpmm/estaticos/residencial/movil/tarifas-voz/condiciones-generales-de-tarjeta.pdf,May 2018,"2018-09-04"
2,Terms of service Delivery Mobile Movistar (Condiciones Generales de Prestación Móviles Movistar) - Spanish,https://www.movistar.es/rpmm/estaticos/residencial/movil/tarifas-voz/condiciones-generales-de-contrato.pdf,May 2018,"2018-09-04"
3,Terms of service of Broadband Service available to the Public (Condiciones generales del Servicio de Banda Ancha disponible al público) - Spanish,https://www.movistar.es/rpmm/estaticos/residencial/fijo/banda-ancha-adsl/contratos/condiciones-generales-suba.pdf,December 2016,"2018-09-04"
4,Movistar Log of Terms and Conditions Mobile (Spanish),https://www.movistar.es/particulares/atencion-cliente/todos-los-contratos/aplicaciones-y-servicios/ficha-descargas/historico-movistar-movil,None found,"2018-09-04"
5,Movistar Log of Terms and Conditions Internet (Spanish),https://www.movistar.es/particulares/atencion-cliente/todos-los-contratos/aplicaciones-y-servicios/ficha-descargas/historico-movistar-internet,None found,"2018-09-04"
6,Privacy Policy Telefónica Group (Spanish),https://www.telefonica.com/documents/364672/473798/politica_privacidad_esp_2015.pdf/fe534d3d-e916-4fa9-8220-be8d89865998,December 2015,"2018-08-28"
7,Privacy Policy  Telefónica Group (English),https://www.telefonica.com/documents/1258915/3538310/privacy_policy_EN.pdf/6c122ed0-88e1-4843-8523-948ffd4ea3f5,December 2015,"2018-08-28"
8,Telefónica Global Privacy Center (Spanish),https://www.telefonica.com/es/web/about_telefonica/centro-de-privacidad/privacidad,None found,"2018-08-28"
9,Telefónica Global Privacy Center (English),https://www.telefonica.com/en/web/about_telefonica/privacy-centre/privacy,None found,"2018-08-28"
10,Movistar Privacy Policy (Spanish),http://www.movistar.es/estaticos/politica-privacidad.pdf,"May 1, 2018","2018-08-28"
11,Data Protection Policy (Spanish),https://www.telefonica.com/es/politica-de-proteccion-de-datos,None found,"2018-09-17"
12,Data Protection Policy (English),https://www.telefonica.com/en/data-protection-policy,None found,"2018-09-17"
13,Report on Transparency in Communications 2017 (Spanish),https://www.telefonica.com/documents/153952/183394/Informe_Transparencia_Comunicaciones_Telefonica_ES.pdf/1e7386c3-5bcc-3084-4ecb-5057a61723e2,None found,"2018-09-19"
14,Report on Transparency in Communications 2017 (English),https://www.telefonica.com/documents/153952/183394/Informe_Transparencia_Comunicaciones_Telefonica_EN.pdf/30519143-d3ab-50c3-1cb5-319a735fd9d3,None found,"2018-09-19"
15,Integrated Report 2017 (Spanish),https://www.telefonica.com/documents/153952/13347843/Informe-Integrado-2017.pdf/c2e7a9b1-3976-9660-f84b-fd0747ef7f0b,None found,"2018-09-19"
16,Integrated Report 2017 (English),https://www.telefonica.com/documents/153952/13347920/Integrated-Report-2017.pdf/513e9154-9212-d665-0df0-aa8c76e0625c,None found,"2018-09-19"
17,Mobile Internet Service Conditions (Spanish),https://www.movistar.es/rpmm/estaticos/residencial/movil/tarifas-datos/condiciones-servicio-internet-movil.pdf,May 2018,"2018-09-20"
18,Cookie Policy (Spanish),http://www.movistar.es/particulares/centro-de-privacidad?&optionSelected=politica_cookies,None found,"2018-09-23"
19,Transparency Report,http://www.movistar.es/particulares/centro-de-seguridad/,None found,"2018-09-21"
20,Nemesis Center,http://www.movistar.es/estaticos/pdfs/seguridad/informacion_centro_nemesys.pdf,September 2009,"2018-09-20"
21,Risk Management (Spanish),http://www.movistar.es/particulares/centro-de-seguridad/,None found,"2018-09-25"
22,Children (Spanish),https://www.telefonica.com/es/web/negocio-responsable/nuestros-compromisos/menores/presentacion,None found,"2018-09-24"
23,Children (English),https://www.telefonica.com/en/web/responsible-business/our-commitments/children/presentation,None found,"2018-09-24"
24,Global Law Enforcement Requirements Procedure (Spanish),https://www.telefonica.com/documents/153952/67280426/requerimientos-principios-es.pdf/6f5a0668-15b9-9b5c-3f69-65d866c5b53b,None found,"2018-09-24"
25,Global Law Enforcement Requirements Procedure (English),https://www.telefonica.com/documents/153952/67280426/requerimientos-principios-en.pdf/0b631937-7e09-982c-0c77-cb5ea0ab3e8e,None found,"2019-02-08"
26,Security Global Policy (Spanish),https://www.telefonica.com/documents/153952/132027650/Politica_Global_Seguridad.pdf/b52fa65e-58f1-446f-9e67-958a570c8142,July 2017,"2018-09-25"
27,Security Global Policy (English),https://www.telefonica.com/documents/153952/132027650/Security_Global_Policy.pdf/d0b6524e-f043-4d31-b70d-3c2aa39762b6,July 2017,"2018-09-25"
28,Human Rights Commitment (Spanish),https://www.telefonica.com/documents/364672/452649/TELF_Derechos-Humanos_compromiso_ESP-Infancia.pdf/605438d8-ffa7-4eed-9e96-ee4e0473e463,None found,"2018-09-26"
29,Human Rights Commitment (English),https://www.telefonica.com/documents/1258915/1261831/human_rights_2.pdf/ce3dc304-0ffa-48d3-9679-df2318e702d0,None found,"2018-09-26"
30,Telefónica Business Principles (Spanish),https://www.telefonica.com/documents/153952/388559/NuestrosPrincipiosdeNegocioResponsable.pdf/32a5a501-a460-4a1b-9657-887e0404330a,None found,"2018-09-26"
31,Telefónica Business Principles (English),https://www.telefonica.com/documents/153952/388559/OurBusinessPrinciples.pdf/adfea195-d91a-4718-8c6f-760f07f4cbdb,None found,"2018-09-26"
32,Procedure for receiving and processing communications received via the Responsible Business Channel (English),https://www.telefonica.com/documents/153952/141150866/Responsible_Business_Channel_Procedure_Receving_Processing_Communications.pdf/0a35d576-30ca-471b-5eef-d66dd807c69f,None found,"2018-09-26"
33,Procedure to file a complaint or claim,https://www.telefonica.com/en/web/about_telefonica/responsible-business-channel,None found,"2018-09-26"
34,Integrated Report 2016 (English),https://www.telefonica.com/documents/153952/13347920/informe_integrado_2016_en.pdf/aa24fcc9-bdea-b6a1-465a-969d0fbf3e8f,None found,"2018-09-26"
35,Global Privacy Policy (English),https://www.telefonica.com/documents/153952/67280426/global-privacy-policy.pdf/8af815ca-cf53-d1f2-71ce-81f4866c75de,September 2018,"2019-01-10"
36,Global Privacy Policy (Spanish),https://www.telefonica.com/documents/153952/67280426/politica-global-privacidad.pdf/6fea1f96-5d36-31fb-b997-11123bdb8830,September 2018,"2019-01-10"
37,Global Security Center,https://www.telefonica.com/en/web/about_telefonica/privacy-centre/security,September 2018,"2019-01-10"
38,Privacy and Security - Privacy Infographic,https://www.telefonica.com/en/web/about_telefonica/privacy-centre/privacy,September 2018,"2019-01-10"
39,Governance Model Rule on Personal Data Protection,https://www.telefonica.com/documents/153952/144056787/governance-model-rule-personal-data-protection.pdf/3d4020e9-fafc-2989-6cda-111bc2ac10f8,None found,"2019-01-17"
40,Coordinated Vulnerability Disclosure on the Security,https://www.telefonica.com/en/web/about_telefonica/privacy-centre/security,New in March 2018,"2019-02-13"
41,Report on Transparency in Communications 2018 (English),https://www.telefonica.com/documents/153952/183394/Report-Transparency-Communications-2018.pdf/4f05af2f-1542-485f-ca5e-bb50da4a7468,"February 1, 2019","2019-02-13"
42,Transparency report data (Excel),https://www.telefonica.com/en/web/responsible-business/report-on-transparency-in-communications,"February 1, 2019","2019-02-13"
43,Movistar Log of Privacy Policy (Spanish),https://www.movistar.es/particulares/atencion-cliente/todos-los-contratos/aplicaciones-y-servicios/ficha-descargas/historico-movistar-fusion,"February 1, 2019","2019-02-15"
44,Telefonica Privacy and Security Center - Privacy,https://www.telefonica.com/en/web/about_telefonica/privacy-centre/privacy,"February 1, 2019","2019-02-15"
