Source reference number,Document title,URL,"Date of document (if applicable)",Date accessed
1,AT&T PREPAID℠ TERMS OF SERVICE,https://www.att.com/legal/terms.prepaidServiceAgreement.html,none found,"Sept. 6, 2018"
2,Spanish-AT&T PREPAID℠ TERMS OF SERVICE,https://www.att.com/es-us/legal/terms.prepaidServiceAgreement.html#,none found,"Sept. 6, 2018"
3,AT&T Postpaid Terms of Service,https://www.att.com/legal/terms.wirelessCustomerAgreement.html,none found,"Sept. 6, 2018"
4,Spanish-AT&T Postpaid Terms of Service,https://www.att.com/es-us/legal/terms.wirelessCustomerAgreement-list.html,none found,"Sept. 6, 2018"
5,Acceptable Use Policy,https://www.att.com/legal/terms.aup.html#,"July 28, 2017","Sept. 6, 2018"
6,Spanish-Acceptable Use Policy,https://www.att.com/es-us/legal/terms.aup.html#,"July 28, 2017","Sept. 6, 2018"
7,AT&T Internet Terms of Service,https://www.att.com/legal/terms.internetAttTermsOfService.html#,"Nov. 14, 2017","Sept. 6, 2018"
8,Spanish-AT&T Internet Terms of Service,https://www.att.com/es-us/legal/terms.internetAttTermsOfService.html,"Nov. 14, 2017","Sept. 6, 2018"
9,AT&T Privacy Policy,http://about.att.com/sites/privacy_policy/full_privacy_policy,"July 21, 2018","Sept. 6, 2018"
10,Spanish-AT&T Privacy Policy,https://www.att.com/es-us/sdabout/sites/privacy_policy/full_privacy_policy,"July 21, 2018","Sept. 6, 2018"
11,View past AT&T PREPAID usage,https://www.att.com/esupport/article.html#!/wireless/KM1048301,none found,"Sept. 6, 2018"
12,Check Wireless Usage,https://www.att.com/esupport/article.html#!/wireless/KM1048294?gsi=XCFqLNY,none found,"Sept. 6, 2018"
13,Manage Internet data usage,https://www.att.com/esupport/article.html#!/u-verse-high-speed-internet/KM1116099?gsi=NVVIfUY,none found,"Sept. 6, 2018"
14,Video Transcript: How to Check Broadband Usage,https://www.att.com/esupport/article.html#!/u-verse-high-speed-internet/KM1116099?gsi=NVVIfUY,none found,"Sept. 6, 2018"
15,Transparency Report,https://about.att.com/content/dam/csr/aug2018/TransparencyReports/Aug-2018-TransparencyReport.pdf,Aug 2018,"Sept. 6, 2018"
16,AT&T's Second Report on Implementation of the Telecommunications Industry Dialogue’s Guiding Principles,https://about.att.com/content/dam/csr/PDFs/ATT_Industry_Dialogue_Reporting_Matrix.pdf,January 2017,"Sept. 6, 2018"
17,Copyright Infringement Policy,https://www.att.com/legal/terms.dmca.html,none found,"Sept. 11, 2018"
18,Code of Business Conduct,https://ebiznet.sbc.com/attcode/assets/EnglishCOBC.pdf,April 2017,"Sept. 11, 2018"
19,FCC Enforcement Action,https://www.fcc.gov/document/att-pay-25m-settle-investigation-three-data-breaches,"April 8, 2015","Sept. 11, 2018"
20,AT&T Network Security Brief,https://about.att.com/csr/home/issue-brief-builder/people/network-security.html,Aug. 2018,"Sept. 11, 2018"
21,AT&T Bug Bounty program,https://bugbounty.att.com/,none found,"Sept. 11, 2018"
22,AT&T Bug Bounty program reporting process,https://bugbounty.att.com/rewards.php,none found,"Sept. 11, 2018"
23,AT&T Bug Bounty program FAQ,https://bugbounty.att.com/faq.php,none found,"Sept. 11, 2018"
24,Fraud and Security Resources,https://www.att.com/support/fraud-and-security.html,none found,"Sept. 11, 2018"
25,Broadband Information - Network Practices,https://about.att.com/sites/broadband/network,none found,"Sept. 12, 2018"
26,Human Rights in Communication Policy,https://about.att.com/content/dam/csr/FAQpdfs/Human_Rights_Communications_Policy.pdf,2010,"Sept. 12, 2018"
27,Issue brief on Human Rights,https://about.att.com/csr/home/issue-brief-builder/people/human-rights.html,Aug. 2018,"Sept. 12, 2018"
28,Issue brief on Protecting Privacy,https://about.att.com/csr/home/issue-brief-builder/people/protecting-privacy.html,"August, 2018","Sept. 12, 2018"
